address	kind	name	type	comment
0x006C6D80	function	etc_output_setup	void etc_output_setup(void *output, short *values, float *pair1, float *pair2, float scalar1, float scalar2)	Inferred from an exact code match with NA2 ETC.BIN 0x006B3F80. Consume output,four signed halfwords,two float pairs and two scalar floats; fill output+0x40..+0x70 then resident0x001CC350(out,0,1); independent a0-a3 and f12/f13 argument banks; not automatic loader hook. Resident finalize call0x006B407C; consumes general a0-a3 plus FP f12/f13. First entry word0x27BDFFF0; BTL at same live address starts0x8F82CC14.
0x006C7250	function	home_action_prompt_draw	undefined home_action_prompt_draw(void *label_sprite, void *button_sprite, int state)	States1/3 add signed regional Cross/Triangle globals(-12/-8 in English) to380/460; state2 requests icon3 at380-44+56-play_width/2=356,label uses additional-35 to321; state4 compares Stop width76 with localized Triangle width64,icon3 request460+(76-64)/2-8=458,label458-76/2=420; reset optional button sprite then label; return value not established. Native button_icon_submit has no icon3 rendering branch; requested anchors do not prove emitted Square sprite.
0x006C7CA0	function	collection_list_draw	undefined collection_list_draw(float x, float y, float new_marker_x_offset, CollectionListLayoutView *list)	Read float box_width+14/box_height+18; draw each eligible cached node at native X,Y-10 with two-line selected wrapper(horizontal0,vertical1,wrap1); locked state<2 substitutes localized placeholder,NEW state2 also submits marker; outer row cadence35 remains fixed and wrapped lines stay within row; node chain begins58; Movie observed192x32,move152x32,relationship192x32,two-line interval16; return unspecified. | Cross-game list-record fields14/18 have different meanings and live resource fields shift; classification/layout semantics correspond but raw records are not byte-compatible.
0x006C8880	function	collection_character_initialize	undefined collection_character_initialize(CollectionCharacterView *owner)	Character initialize method; creates page_prompt_renderer at+0xC0, initializes state0,transition_count0; captured object0x00BF4230 has vtable0x0060FDD0,state1; return value not established.
0x006C9450	function	collection_character_grid_draw	undefined collection_character_grid_draw(CollectionCharacterView *owner)	Active state1 character-grid renderer; owner input proved by loads; collection_character_present dispatches here; return value not established.
0x006C9980	function	collection_character_grid_transition_draw	undefined collection_character_grid_transition_draw(CollectionCharacterView *owner, int highlight)	Transition-state character-grid renderer; highlight controls selected-cell render setup; present passes1 in0/2/3 and0 in4; return value not established.
0x006C9ED0	function	collection_character_update	int collection_character_update(CollectionCharacterView *owner)	State0 increments transition_count and enters1 clamped15 after count>15; state1 active input; state2 resets0 returns1; state3 enters4,count0,returns2; state4 resets0 returns-1 after count>15; otherwise0.
0x006C9FD0	function	collection_character_present	undefined collection_character_present(CollectionCharacterView *owner)	Dispatch state1 active grid,states0/2/3/4 transition grid (highlight1 for0/2/3,0 for4); afterward states other than0/3/4 submit exactly two Previous/Next sprites from collection_page_positions/rectangles through page_prompt_renderer and sprite_reset; no selection-state writes; return value not established.
0x006CE190	function	collection_doll_present	undefined collection_doll_present(CollectionDollDrawView *owner)	Four-control branch requires state2 and nonzero ready_owner query; copy4x16-byte viewer positions,draw4 paired rectangles through control_renderer+0x28 then sprite_reset; no selection-state writes; English zoom widths112,ZoomOut U144; return value not established.
0x006CF050	function	collection_diorama_menu_present	void collection_diorama_menu_present(void *object)	Inferred from an exact code match with NA2 ETC.BIN 0x006BBE30. Collection diorama_menu virtual present slot+0x14; presentation dispatch.
0x006D0D10	function	collection_diorama_controls_draw	undefined collection_diorama_controls_draw(CollectionDioramaDrawView *owner)	Copy4x16-byte collection_diorama_positions; always localized Controls at374,309; controls_visible==0 draws Display at414,324,otherwise four viewer rectangles plus Hide at414,324; Hide uses alternate rectangle alignment outside locale0; reset control_renderer+0x24; uses localized rectangles,not ANM_home_vcr_ca; return value not established.
0x006D0EB0	function	collection_diorama_update	int collection_diorama_update(void *object)	Inferred from an exact code match with NA2 ETC.BIN 0x006BDC00. Collection diorama virtual update slot+0x10; integer result consumed by polling; full state/result semantics open.
0x006D1060	function	collection_diorama_present	undefined collection_diorama_present(CollectionDioramaDrawView *owner)	Resident collection_diorama_vtable present method; state2 and nonzero ready_owner query directly call collection_diorama_controls_draw; captured object0x00C1C810; return value not established. | Title after controls requires state2,nonzero ready_owner readiness and title_record.title_enabled; forwards title_record.x,y+4,twice title half-width95/twice half-height16 (190x32),two lines,color0,wrap1,vertical0 to ui_draw_boxed_text; bounded twelve Diorama presentations share this path; earlier document numeric label is interior to preceding update,not present entry.
0x006D4570	function	collection_skill_present	undefined collection_skill_present(void *owner)	Verified Skill present entry; earlier Collection UI document's claimed Diorama main draw pair refers to Skill; return value not established.
0x006D7AB0	function	collection_movie_present	void collection_movie_present(void *object)	Inferred from an exact code match with NA2 ETC.BIN 0x006C4560. Collection movie virtual present slot+0x14; presentation dispatch.
0x006D96B0	function	collection_character_name_get	char * collection_character_name_get(int roster_index)	Index eight-byte character remap row; character_id4A returns localized selector9; otherwise resolve localized_row through localized_character_name_record and return collection_title at+4; roster index24 row006ED190 maps character24 to localized row62 (Granny Chiyo with terminal space).
0x006D9D20	function	collection_resources_release	void collection_resources_release(void *owner)	Inferred from an exact code match with NA2 ETC.BIN 0x006C6630. Release/zero pointers+4..+0x2C,nested owner+0x78,and ten controllers+0x50..+0x74 through table+8 slot+8(object,1); clear each owner slot before resident frees0x80 allocation. Deleting virtual example0x006C683C/0x006C6840/0x006C6844 loads controller+8 table then+8 method through t9 with flag1. Fixed live Collection cleanup called with ETC still resident, before wrapper frees owner and clears0x00607614.
0x006DB450	function	collection_category_title_draw	undefined collection_category_title_draw(CollectionTitleView *owner, int category)	Use collection_category_positions by16-byte category stride and localized_collection_category_rectangle(category),render via title_renderer then sprite_reset; positions match NA2 but locale0 rectangles have28-pixel rows; return value not established.
0x006DBAA0	function	collection_update	undefined collection_update(CollectionFooterView *owner)	Root footer uses collection_footer_positions,Cross+Triangle in states1/2/5/10,Triangle only6/9; signed regional X additions -12/-8 in captured English state; separate table from HOME action helper; return value not established.
0x006DC240	function	collection_poll	int collection_poll(void *owner)	Inferred from an exact code match with NA2 ETC.BIN 0x006C8940. Return1 if completion query0x006C7DA0 succeeds,otherwise update0x006C8290 and return0. Fixed live Collection poll; resident wrapper treats exactly1 as terminal and others active. | Verified live direct call0x006C8970 targets collection_update0x006C8290.
0x006DC490	function	collection_diorama_delete	void * collection_diorama_delete(void *object, short deleting)	Inferred from an exact code match with NA2 ETC.BIN 0x006C8B90. Collection deleting wrapper: signed16 flag, class cleanup then restore resident base table0x006028F0,heap_free iff positive,return original object.
0x006DC6D0	function	collection_doll_delete	void * collection_doll_delete(void *object, short deleting)	Inferred from an exact code match with NA2 ETC.BIN 0x006C8DB0. Collection deleting wrapper: signed16 flag, class cleanup then restore resident base table0x006028F0,heap_free iff positive,return original object.
0x006DC800	function	collection_character_delete	void * collection_character_delete(CollectionCharacterView *owner, short deleting)	Character deleting method; null-safe, signed deleting>0 frees after releasing owned pointers and restoring base vtable, returns owner.
0x006DC970	function	collection_kind_delete	void * collection_kind_delete(void *object, short deleting)	Inferred from an exact code match with NA2 ETC.BIN 0x006C9050. Collection deleting wrapper: signed16 flag, class cleanup then restore resident base table0x006028F0,heap_free iff positive,return original object.
0x006ED0D0	data	collection_character_remap	CollectionCharacterRemapRecord[75]	75 eight-byte character_id/localized_row entries; row24 at006ED190 contains(24,62); classification/layout correspond to NA2 master roster but raw ETC fields differ and records are not byte-compatible.
0x006ED190	label	collection_granny_chiyo_remap_row		Row24 of collection_character_remap stores character_id24 and localized_row62; verified bytes180000003E000000; do not shift already-live address.
0x006EED70	data	home_action_prompt_geometry	float[12]	380,360,460,360 anchors,then two(-35,-12) label deltas,then(1,1,0,0)scale; ETC file0x28070; localized helper additionally reads regional offsets or rectangle widths by state.
0x006EEEC0	data	collection_page_positions	CollectionSpritePosition[2]	Previous/Next centers (87,360,0,0),(233,360,0,0),16-byte stride; ETC file0x281C0.
0x006EF0D0	data	collection_viewer_positions	CollectionSpritePosition[4]	Rotate/Move/ZoomIn/ZoomOut:(206,364),(99,364),(97,339),(207,339),Z/W zero; ETC file0x283D0; Move/Rotate bottom row,ZoomIn/ZoomOut top row.
0x006EF160	data	collection_diorama_positions	CollectionSpritePosition[4]	Rotate/Move/ZoomIn/ZoomOut:(440,290),(440,266),(440,218),(440,242),Z/W zero; ETC file0x28460; single semantic position table,allX440.
0x006EF560	data	collection_footer_positions	float[4]	Cross/Triangle nominal positions (380,360),(460,360); ETC file0x28860; English signed regional additions -12/-8 produce368/452.
0x006EF570	data	collection_category_positions	CollectionSpritePosition[3]	Category positions match NA2:(305,13,0,0),(340,13,0,0),(345,23,0,0).
0x006EF650	data	collection_diorama_type_name	char[17]	Original ccHomeIspDiorama class string; live address verified without shift.
0x006EF6E0	data	collection_character_type_name	char[20]	Original ccHomeIspSelectChar class string.
0x006F0760	data	collection_page_rectangles	FrontendRectangle[2]	Previous/Next atlas rectangles (1,1,144,24),(1,24,144,24),8-byte signed-halfword records; ETC file0x29A60.
0x006F0790	data	collection_viewer_rectangles	FrontendRectangle[4]	Rotate(1,72,108,24),Move(1,48,108,24),ZoomIn(1,96,112,24),ZoomOut(144,1,112,23); first2 matchNA2; Zoom widths108->112 and ZoomOut U120->144; ETC file0x29A90.
0x006F0930	data	collection_diorama_type_info	char *	Diorama descriptor first word points to collection_diorama_type_name.
0x006F0998	data	collection_character_type_info	char *	Character type descriptor first word points to collection_character_type_name.
