target	program	source	format	expected_sha256	entry_file_offset	compare_source	source_offset	source_size	container_sha256
NA2	SLPS_258.37	@source/NA2.iso.files/SLPS_258.37	ee_elf	20C0A40D70EA412CD431993A2E189B37ECB6054D63AE93BE545470016E1627AF
NA2	BTL.BIN	@source/NA2.iso.files/PRG/BTL.BIN	mwo3	56FD042740221E3CC91417194F147142799D51FE70642273F4E97BD389D5D63C	0x80
NA2	ETC.BIN	@source/NA2.iso.files/PRG/ETC.BIN	mwo3	8FF3C6E1ED5CE2B093B0934C898C40D1CEEA0C20778C49CDA5591AAD02375C74	0x80
NUN3	SLUS_217.27	@source/NUN3.iso.files/SLUS_217.27	ee_elf	96382164B83D786AE6A9367C9DF3061B4991C53480E94E761C6F22B5C099765A
NUN3	BATTLE.BIN	@source/NUN3.iso.files/PRG/BATTLE.BIN	mwo3	9A9389C65A2F78B98E4637EA15E7CAA947C41164AF4D8E340199D68FF42A27B9	0x80
NUN3	HOME.BIN	@source/NUN3.iso.files/PRG/HOME.BIN	mwo3	A428F32EF91D764C836E1BA31F470D5D27D3D37C5D9001C5E6674C895C6773F1	0x80
NUN3	RPG.BIN	@source/NUN3.iso.files/PRG/RPG.BIN	mwo3	A622D6B8AB40B44BCBC5F256EE76FA48D17FAED7D34AA13AF56A8C2A0078CE59	0x80
NUN3	CRI_ADXI.IRX	@source/NUN3.iso.files/MODULES/CRI_ADXI.IRX	iop_elf	E246A535FB1D49A966B2FBE65F114CE27B2F88519DDD5EAB11F399D5B3CE804A
NUN3	SNDBASE.IRX	@source/NUN3.iso.files/MODULES/SNDBASE.IRX	iop_elf	7A11F5FF7E6506A6E4ACE51C30B62C666954469A744C403B3A926EEBBD4911F9
NUN4	SLUS_218.62	@source/NUN4.iso.files/SLUS_218.62	ee_elf	FEFB3B546E41E80E829FAEE107A73F7599167A1446F781207AE69310E5105407
NUN4	BATTLE.BIN	@source/NUN4.iso.files/PRG/BATTLE.BIN	mwo3	A357D9973E7A71DADF0AB198E1F7CA7E62BBECC445DCA40644936093A7D4036E	0x80
NUN4	HOME.BIN	@source/NUN4.iso.files/PRG/HOME.BIN	mwo3	B6F01E766ACAC9DC10C802A5401EED7BA49DBFDD6F9C33C8267558AD2CDEBAE7	0x80
NUN4	RPG.BIN	@source/NUN4.iso.files/PRG/RPG.BIN	mwo3	94A2EF7F75F6F68B803033E23628F013B30BE5BFA9732A4F66487A59E644A9EF	0x80
NUN4	TEXTENG.BIN	@source/NUN4.iso.files/PRG/TEXTENG.BIN	mwo3	9DC0D0A834BD9E190926382C81766BCA05B60CAE3A7D756564543A941853DF21
NUN4	TEXTFRN.BIN	@source/NUN4.iso.files/PRG/TEXTFRN.BIN	mwo3	E9C243F55038D85EAED6F14ABECE1A0DBE5EA3419EA2ED82BAEAB7E47D80D1D4
NUN5	SLES_556.05	@source/NUN5.iso.files/SLES_556.05	ee_elf	20A43677397731A2A20899336D1165ACE5B436906B9B89BE90FB10F4558DD19D
NUN5	BTL.BIN	@source/NUN5.iso.files/PRG/BTL.BIN	mwo3	7E8518DA7BD4957AF18CB0ABABE67F0E9B37C42C6551375201B15997F0A3DFE3	0x80
NUN5	ETC.BIN	@source/NUN5.iso.files/PRG/ETC.BIN	mwo3	BDB6BDA1F9D335047586A263E478486C8E7924B91FA972B6F3E58CAEC5EA0778	0x80
NUN5	TEXTENG.BIN	@source/NUN5.iso.files/PRG/TEXTENG.BIN	mwo3	3E42D2DDFFE770B05DD41E2C5937380133E255C9CE32CA2F037E34C65A8E571E
NUN5	TEXTFRN.BIN	@source/NUN5.iso.files/PRG/TEXTFRN.BIN	mwo3	485D44D2866E9E985D2D84B4796BD8DAA573567D44B8913B9FBCCFFAAFC836B0
NUN5	TEXTGER.BIN	@source/NUN5.iso.files/PRG/TEXTGER.BIN	mwo3	84DE40F3DEF485B80863370723E462A7B23EBB6A4B5E6A088B4897F78005222D
NUN5	TEXTITA.BIN	@source/NUN5.iso.files/PRG/TEXTITA.BIN	mwo3	110A915C3043214A6C2A9BD2CA3CB33284629126F91B76DB6E525A9FD7B20B03
NUN5	TEXTSPA.BIN	@source/NUN5.iso.files/PRG/TEXTSPA.BIN	mwo3	72EC1BB3AEAD2764BDC096A1A757C6969D1573C99954DF6711E0A0495418E927
shared	CRI_ADXI.IRX	@source/NA2.iso.files/MODULES/CRI_ADXI.IRX	iop_elf	7DEC8B777B029C07357C042C897A2C509110B85480B1B2BB3C4357FA59C18F91
shared	MODULES.BIN	@source/NA2.iso.files/MODULES/MODULES.BIN	iop_elf	0CDEA9EF15E3FFE8B70B6305A67F9A37015FF12B08815EE4CA16358A4C93BA9D
shared	SNDBASE.IRX	@source/NA2.iso.files/MODULES/SNDBASE.IRX	iop_elf	A414BCDD7FCFAE23708EA2A8B9D02756FA2902F2D7BB29D33560DBF2A66A679B
shared	MODMIDI.IRX	@source/NA2.iso.files/MODULES/MODULES.BIN	iop_elf	C22DF1C868D4BAA4F51AB45E319E6B76FCAB7FE0BE7F0D5493A9F60285501489			0x30000	21941	0CDEA9EF15E3FFE8B70B6305A67F9A37015FF12B08815EE4CA16358A4C93BA9D
shared	MODHSYN.IRX	@source/NA2.iso.files/MODULES/MODULES.BIN	iop_elf	E6B1520286B86CA22A99B8BA581B03B706678AAC8916AE95EE91A212E358599F			0x35800	60957	0CDEA9EF15E3FFE8B70B6305A67F9A37015FF12B08815EE4CA16358A4C93BA9D
